{    
    "build": {
        "content": [            
            {
                "files": [
                    "docs/**/*.md",
                    "userdocs/**/*.md",
                    "*.md",
                    ".order",
                    "**/toc.yml"
                ]
            }
        ],
        "resource": [
            {
                "files": ["docs/.attachments/**", "userdocs/.attachments/**"]
            },
            { "files": ["web.config"], "src": "ui-specific", "dest": "" }
        ],
        "overwrite": "docs/*.md",
        "globalMetadata": {
            "_appTitle": "Example Documentation",
            "_enableSearch": true
        },
        "markdownEngineName": "markdig",
        "dest": "_site",
        "xrefService": ["https://xref.docs.microsoft.com/query?uid={uid}"]
    }
}
